month,maximum_rainfall_in_a_day,no_of_rainy_days,total_rainfall,mean_sunshine_hrs,temp_mean_daily_max,mean_temp,wbt_mean,wbt_max,admissions,emergency,deaths
1987-01-01,127.4,16.0,568.6,4.0,28.8,25.5,23.7,25.7,,37771.0,1123.0
1987-02-01,34.8,7.0,86.9,9.2,31.6,26.6,23.8,26.0,,34188.0,1062.0
1987-03-01,40.9,12.0,132.5,6.9,32.1,27.5,25.2,27.3,,36113.0,1113.0
1987-04-01,27.7,10.0,72.5,6.2,32.6,27.9,25.6,27.5,,34127.0,1070.0
1987-05-01,81.4,16.0,270.0,5.6,31.7,27.6,25.6,27.6,,35922.0,1073.0
1987-06-01,30.7,15.0,126.6,6.8,32.4,28.7,26.0,27.9,,33988.0,1058.0
1987-07-01,21.6,11.0,80.9,6.7,31.6,28.1,25.5,27.2,,35554.0,1060.0
1987-08-01,48.2,16.0,191.9,5.1,31.1,27.4,25.2,27.2,,39126.0,1093.0
1987-09-01,44.5,11.0,129.9,5.4,31.7,27.6,25.2,27.4,,35360.0,1090.0
1987-10-01,5.9,9.0,22.6,5.8,32.5,27.9,25.4,27.6,,37763.0,1124.0
1987-11-01,77.7,17.0,347.6,4.5,31.7,27.3,25.1,27.1,,38085.0,1108.0
1987-12-01,24.3,11.0,72.8,4.8,30.4,26.4,24.4,26.4,,38663.0,1199.0
1988-01-01,69.0,15.0,237.5,5.9,30.8,26.8,24.7,26.7,,39089.0,1038.0
1988-02-01,46.7,9.0,158.1,6.7,32.0,27.1,24.9,27.3,,40199.0,1036.0
1988-03-01,70.1,15.0,186.8,5.2,31.3,27.3,25.3,27.9,,41375.0,1175.0
1988-04-01,22.8,13.0,109.6,5.4,32.4,27.8,25.7,27.9,,41136.0,1168.0
1988-05-01,76.7,14.0,229.6,5.6,32.0,28.4,26.0,28.5,,42209.0,1262.0
1988-06-01,69.4,13.0,252.2,6.5,31.8,28.0,25.5,27.8,,37870.0,1106.0
1988-07-01,75.6,15.0,305.4,6.0,31.2,27.3,25.2,27.4,,40639.0,1143.0
1988-08-01,19.0,14.0,80.1,4.9,30.8,27.0,25.0,27.5,,40830.0,1083.0
1988-09-01,187.3,14.0,440.4,4.8,31.0,27.1,25.0,27.0,,40714.0,1123.0
1988-10-01,39.8,17.0,134.6,4.1,31.5,27.5,25.2,27.4,,41664.0,1147.0
1988-11-01,111.9,23.0,401.4,3.7,30.3,26.3,24.6,26.9,,38142.0,1150.0
1988-12-01,22.0,11.0,62.9,5.7,30.4,26.2,23.7,26.1,,41895.0,1259.0
1989-01-01,53.0,10.0,189.7,5.8,30.9,26.5,24.4,26.5,,42481.0,1197.0
1989-02-01,48.4,3.0,52.4,6.7,31.8,26.6,23.7,26.0,,41588.0,1129.0
1989-03-01,63.5,21.0,305.9,4.5,31.0,26.3,24.7,27.1,,42969.0,1186.0
1989-04-01,39.0,17.0,198.6,5.7,31.8,27.0,25.2,28.0,,40887.0,1142.0
1989-05-01,38.2,12.0,194.0,5.2,31.5,27.3,25.5,28.1,,46003.0,1197.0
1989-06-01,45.9,12.0,117.6,6.0,31.7,27.5,25.2,27.5,,44277.0,1294.0
1989-07-01,33.3,12.0,157.6,6.0,31.6,27.7,25.4,27.5,,44955.0,1271.0
1989-08-01,81.4,18.0,201.0,5.3,31.0,27.1,25.0,27.3,,42422.0,1151.0
1989-09-01,102.2,14.0,247.3,5.5,30.8,26.9,24.8,27.1,,42086.0,1028.0
1989-10-01,24.9,16.0,111.0,5.5,31.3,27.1,24.9,26.8,,43240.0,1134.0
1989-11-01,148.6,20.0,508.4,5.4,31.0,26.7,24.8,27.6,,40467.0,1150.0
1989-12-01,44.2,18.0,179.7,4.8,30.2,26.3,24.4,27.0,,43059.0,1190.0
1990-01-01,73.9,13.0,147.4,5.3,30.3,26.2,24.0,26.5,,47856.0,1154.0
1990-02-01,6.6,8.0,24.1,8.9,32.4,27.6,25.0,27.0,,40161.0,1080.0
1990-03-01,48.6,4.0,94.2,8.3,33.3,28.2,25.1,27.5,,43063.0,1125.0
1990-04-01,12.0,10.0,52.4,6.3,33.4,28.5,25.9,27.9,,41081.0,1113.0
1990-05-01,153.7,11.0,180.1,6.5,32.8,28.6,25.9,28.5,,44478.0,1270.0
1990-06-01,76.1,9.0,112.6,6.3,32.4,28.3,25.7,28.0,,44424.0,1211.0
1990-07-01,44.5,12.0,124.0,5.9,31.4,27.5,25.1,27.4,,47628.0,1198.0
1990-08-01,38.3,13.0,146.6,5.8,31.4,28.0,25.6,27.6,,45546.0,1120.0
1990-09-01,44.5,17.0,204.5,5.1,31.3,27.2,25.0,27.1,,42724.0,1125.0
1990-10-01,20.2,12.0,56.4,5.9,31.8,27.5,25.2,27.3,,45610.0,1092.0
1990-11-01,46.9,17.0,180.4,4.6,31.3,27.2,25.0,27.2,,44541.0,1148.0
1990-12-01,33.5,16.0,201.1,5.5,30.2,26.3,24.5,26.8,,46459.0,1255.0
1991-01-01,36.2,13.0,123.9,5.6,30.9,26.7,24.6,26.4,,45281.0,1213.0
1991-02-01,17.9,7.0,45.5,7.0,31.8,27.1,24.6,26.9,,44007.0,1006.0
1991-03-01,48.6,10.0,92.4,7.1,32.4,27.8,25.0,27.2,,46209.0,1210.0
1991-04-01,32.2,13.0,134.2,5.8,32.3,27.7,25.6,27.7,,43660.0,1104.0
1991-05-01,44.0,23.0,256.4,5.1,31.5,27.7,25.9,28.0,,48778.0,1222.0
1991-06-01,55.6,9.0,88.7,7.1,32.2,28.6,26.0,28.1,,46693.0,1159.0
1991-07-01,10.7,8.0,37.3,6.7,32.1,28.5,25.5,27.5,,47082.0,1153.0
1991-08-01,129.9,8.0,226.2,5.3,32.2,28.2,25.4,27.5,,47971.0,1129.0
1991-09-01,53.6,12.0,123.1,4.1,31.3,27.5,25.3,27.2,,45171.0,1101.0
1991-10-01,20.4,5.0,52.0,4.2,31.8,27.5,25.0,27.4,,40983.0,1155.0
1991-11-01,75.2,19.0,205.0,3.5,30.6,26.3,24.5,26.6,,40979.0,1179.0
1991-12-01,79.4,19.0,492.3,3.0,29.1,25.6,24.4,26.7,,44688.0,1245.0
1992-01-01,56.2,9.0,83.9,6.6,30.7,26.6,24.3,26.6,,47672.0,1275.0
1992-02-01,43.2,4.0,62.4,7.7,32.1,27.5,24.8,26.7,,44641.0,1196.0
1992-03-01,35.1,6.0,67.6,7.4,33.0,28.2,25.5,27.6,,43761.0,1246.0
1992-04-01,94.7,13.0,160.3,6.4,32.9,28.4,26.0,28.0,,42644.0,1192.0
1992-05-01,13.7,13.0,63.1,5.7,32.5,28.1,25.9,27.9,,46996.0,1156.0
1992-06-01,38.4,14.0,162.8,5.5,32.0,28.0,25.7,28.0,,45302.0,1205.0
1992-07-01,97.3,19.0,290.8,4.7,30.9,27.3,25.2,27.2,,46643.0,1183.0
1992-08-01,31.0,11.0,76.1,5.7,31.4,27.8,25.2,27.2,,50365.0,1260.0
1992-09-01,17.5,13.0,83.6,5.0,31.5,27.3,25.0,27.2,,42659.0,1057.0
1992-10-01,45.5,20.0,233.2,4.5,31.4,27.4,25.0,27.2,,43389.0,1092.0
1992-11-01,120.6,18.0,474.3,3.7,30.0,26.1,24.5,26.8,,41923.0,1109.0
1992-12-01,105.7,23.0,502.7,3.4,29.2,25.5,24.3,26.5,,49344.0,1366.0
1993-01-01,37.2,11.0,176.4,5.5,29.9,26.2,24.3,27.1,,51042.0,1411.0
1993-02-01,27.0,8.0,69.2,8.5,31.4,26.7,24.1,26.2,,40611.0,1153.0
1993-03-01,56.9,14.0,250.5,5.4,30.7,26.7,24.9,27.5,,42512.0,1288.0
1993-04-01,56.7,20.0,283.9,6.4,31.9,27.6,25.5,28.0,,41673.0,1198.0
1993-05-01,37.2,10.0,129.9,6.0,31.9,28.2,25.9,27.8,,44233.0,1218.0
1993-06-01,29.4,17.0,115.5,6.2,31.9,28.5,25.8,28.2,,41630.0,1147.0
1993-07-01,46.4,15.0,240.0,5.2,31.1,27.9,25.6,27.7,,42846.0,1191.0
1993-08-01,53.5,11.0,106.8,7.4,32.1,28.6,25.7,28.0,,42913.0,1160.0
1993-09-01,42.0,7.0,61.7,5.9,31.7,27.9,25.3,27.9,,39421.0,1070.0
1993-10-01,62.7,13.0,175.5,5.2,31.6,27.5,25.4,27.5,,40681.0,1190.0
1993-11-01,61.3,18.0,250.8,4.7,30.9,26.9,25.2,27.3,,40354.0,1204.0
1993-12-01,67.6,19.0,308.5,4.2,30.3,26.5,24.9,27.7,,42640.0,1231.0
1994-01-01,17.5,7.0,56.9,6.1,30.9,26.9,24.5,26.7,,43734.0,1301.0
1994-02-01,26.3,15.0,133.5,6.4,31.6,27.0,25.0,27.4,,40041.0,1171.0
1994-03-01,64.2,19.0,288.2,3.5,30.5,26.8,25.1,27.3,,43285.0,1310.0
1994-04-01,46.3,15.0,154.0,5.8,31.9,27.9,25.8,28.3,,43237.0,1280.0
1994-05-01,45.1,16.0,169.6,5.0,31.1,28.1,26.0,28.2,,45191.0,1254.0
1994-06-01,61.1,14.0,184.7,6.0,31.3,28.1,25.8,28.2,,41156.0,1311.0
1994-07-01,17.0,6.0,53.8,7.6,31.6,28.4,25.5,27.4,,41475.0,1250.0
1994-08-01,15.5,12.0,45.1,6.5,31.9,28.1,25.4,27.5,,40310.0,1272.0
1994-09-01,11.3,6.0,23.7,3.8,31.9,28.3,25.4,27.5,,39578.0,1146.0
1994-10-01,35.4,11.0,84.7,4.5,32.1,27.9,25.3,26.9,,40993.0,1231.0
1994-11-01,178.3,21.0,322.2,4.5,30.5,26.7,25.2,27.9,,38410.0,1159.0
1994-12-01,133.8,18.0,425.4,5.3,30.7,26.9,24.9,27.2,,42527.0,1261.0
1995-01-01,108.3,21.0,349.4,5.0,30.6,26.8,25.0,27.0,,46006.0,1239.0
1995-02-01,159.3,16.0,334.0,4.9,29.9,26.5,24.8,26.9,,41550.0,1210.0
1995-03-01,31.1,10.0,67.7,5.9,31.8,27.6,25.4,28.0,,45136.0,1453.0
1995-04-01,73.6,16.0,242.3,5.6,32.0,27.9,25.9,28.1,,42611.0,1274.0
1995-05-01,32.8,11.0,84.4,6.0,32.3,28.5,26.3,28.5,,46915.0,1344.0
1995-06-01,45.0,12.0,63.7,6.6,32.7,28.9,26.3,28.4,,42181.0,1336.0
1995-07-01,52.3,13.0,173.6,5.2,31.2,28.0,25.7,27.7,,43837.0,1233.0
1995-08-01,37.9,21.0,211.6,4.1,30.6,27.4,25.5,27.4,,42011.0,1261.0
1995-09-01,5.7,7.0,29.5,5.8,32.0,28.3,25.8,28.1,,40330.0,1266.0
1995-10-01,37.1,12.0,101.1,4.7,32.1,27.8,25.5,27.8,,42663.0,1278.0
1995-11-01,198.6,20.0,372.8,3.7,31.0,27.0,25.2,27.6,,43657.0,1309.0
1995-12-01,55.6,20.0,302.5,3.1,29.5,26.3,24.5,27.0,,43235.0,1366.0
1996-01-01,39.0,10.0,173.2,5.2,30.1,26.2,24.1,27.0,,44686.0,1379.0
1996-02-01,53.0,11.0,180.2,5.8,30.2,26.5,24.4,26.7,,43252.0,1229.0
1996-03-01,61.8,8.0,129.7,7.7,32.4,27.8,25.1,27.5,,44027.0,1344.0
1996-04-01,55.7,15.0,178.2,5.4,31.7,27.8,25.8,28.4,,42447.0,1299.0
1996-05-01,18.6,15.0,107.5,7.0,32.4,28.5,26.3,28.4,,48335.0,1421.0
1996-06-01,94.3,15.0,265.8,5.9,32.0,28.3,26.1,28.2,,44903.0,1342.0
1996-07-01,55.3,10.0,162.3,6.7,31.5,28.3,25.9,27.9,,45784.0,1352.0
1996-08-01,64.6,18.0,258.4,5.0,31.4,27.4,25.2,27.5,,43942.0,1266.0
1996-09-01,66.5,18.0,297.0,4.8,31.1,27.7,25.3,28.0,,45889.0,1260.0
1996-10-01,45.8,19.0,300.0,4.3,31.2,27.5,25.2,27.2,,46042.0,1210.0
1996-11-01,60.5,16.0,180.2,4.4,31.5,27.3,25.1,27.5,,44836.0,1224.0
1996-12-01,72.4,15.0,185.5,4.5,30.7,26.6,24.3,27.2,,47690.0,1264.0
1997-01-01,13.9,3.0,15.4,7.7,31.5,27.1,24.0,26.4,,47157.0,1277.0
1997-02-01,35.7,8.0,105.4,4.9,31.9,27.4,24.8,26.8,,44219.0,1100.0
1997-03-01,17.4,10.0,34.3,7.0,32.8,28.1,25.2,27.2,,47979.0,1319.0
1997-04-01,44.6,12.0,118.4,5.6,32.5,28.1,25.7,27.9,,45982.0,1286.0
1997-05-01,35.6,6.0,41.6,6.7,33.6,29.3,26.2,28.0,,55184.0,1589.0
1997-06-01,25.0,12.0,78.9,7.3,33.2,29.3,26.0,27.9,,48460.0,1387.0
1997-07-01,5.4,9.0,18.6,6.5,32.4,28.8,25.5,27.4,,48330.0,1283.0
1997-08-01,61.4,9.0,86.6,5.7,32.6,28.8,25.7,27.6,,45849.0,1235.0
1997-09-01,24.3,3.0,31.1,3.2,32.2,28.8,25.6,27.1,,43042.0,1174.0
1997-10-01,36.5,8.0,78.4,3.2,32.4,28.2,25.6,27.4,,39803.0,1191.0
1997-11-01,53.6,13.0,158.3,5.4,32.0,27.8,25.4,27.4,,39363.0,1157.0
1997-12-01,65.8,23.0,351.9,5.3,31.3,27.3,25.4,27.7,,41810.0,1307.0
1998-01-01,79.7,13.0,268.8,7.4,31.8,28.0,25.7,28.0,,45025.0,1356.0
1998-02-01,11.9,5.0,32.5,8.9,33.1,28.9,25.9,28.2,,40017.0,1330.0
1998-03-01,20.9,7.0,58.8,7.6,34.1,29.5,26.3,28.4,,43896.0,1394.0
1998-04-01,64.9,13.0,187.7,6.7,33.1,29.2,26.7,28.8,,43608.0,1357.0
1998-05-01,83.7,18.0,370.8,5.9,33.1,29.4,26.9,29.3,,46366.0,1518.0
1998-06-01,42.8,15.0,198.8,5.3,32.4,28.6,26.1,28.6,,41214.0,1332.0
1998-07-01,55.8,18.0,259.2,5.1,31.5,28.1,25.6,28.2,,43449.0,1247.0
1998-08-01,35.5,18.0,195.0,4.6,30.9,27.5,25.5,27.4,,46296.0,1237.0
1998-09-01,52.0,17.0,258.2,4.5,31.1,27.9,25.8,28.0,,43501.0,1195.0
1998-10-01,32.4,20.0,222.7,5.0,31.9,28.0,25.6,28.0,,43083.0,1250.0
1998-11-01,57.5,11.0,107.2,4.6,31.7,27.9,25.4,27.8,,41036.0,1197.0
1998-12-01,84.4,22.0,463.4,3.1,30.4,26.6,25.1,27.7,,41323.0,1244.0
1999-01-01,52.5,19.0,193.9,3.9,30.4,26.6,25.1,27.4,,50897.0,1469.0
1999-02-01,32.1,9.0,67.4,6.7,31.3,27.2,24.9,27.4,,44903.0,1390.0
1999-03-01,52.4,16.0,181.4,4.3,31.5,27.1,25.5,28.0,,45309.0,1366.0
1999-04-01,29.2,14.0,88.5,5.8,32.5,28.3,25.9,28.3,,43348.0,1263.0
1999-05-01,42.8,13.0,157.1,5.7,31.7,28.0,25.9,28.0,,43991.0,1228.0
1999-06-01,34.5,13.0,103.4,6.0,31.8,28.2,25.7,27.9,,41457.0,1243.0
1999-07-01,51.4,11.0,225.4,6.8,31.2,27.8,25.4,27.5,,42773.0,1241.0
1999-08-01,42.4,13.0,204.0,5.7,31.0,27.5,25.4,27.2,,43628.0,1179.0
1999-09-01,41.5,13.0,125.9,6.5,31.9,27.9,25.4,27.5,,43732.0,1196.0
1999-10-01,32.8,20.0,205.0,4.7,31.1,27.2,25.1,27.5,,45331.0,1301.0
1999-11-01,39.0,19.0,241.5,4.7,31.3,27.3,25.1,27.2,,44366.0,1298.0
1999-12-01,76.9,17.0,340.5,4.1,30.6,26.8,24.8,27.4,,43181.0,1342.0
2000-01-01,127.6,14.0,275.2,4.0,29.8,26.3,24.6,26.6,,44715.0,1401.0
2000-02-01,39.9,18.0,237.8,5.8,31.0,26.6,24.8,27.7,,44521.0,1277.0
2000-03-01,37.9,15.0,238.3,5.8,31.9,27.2,25.3,27.6,,45363.0,1352.0
2000-04-01,87.4,20.0,311.6,5.3,31.9,27.5,25.6,28.2,,46513.0,1357.0
2000-05-01,36.7,10.0,96.8,6.8,32.7,28.6,26.2,28.4,,48000.0,1405.0
2000-06-01,41.7,16.0,157.5,4.6,31.1,27.6,25.5,27.8,,41781.0,1221.0
2000-07-01,34.6,12.0,116.1,6.5,31.6,28.1,25.7,27.6,,43814.0,1336.0
2000-08-01,28.1,18.0,113.5,5.1,30.7,27.5,25.4,27.4,,44801.0,1267.0
2000-09-01,25.7,12.0,81.1,6.2,32.1,28.0,25.6,28.0,,43695.0,1242.0
2000-10-01,38.3,14.0,120.9,4.0,31.8,27.8,25.3,28.0,,46396.0,1256.0
2000-11-01,72.0,21.0,385.7,3.7,31.3,27.3,25.6,28.0,,42472.0,1274.0
2000-12-01,45.8,18.0,236.0,4.2,31.0,27.0,25.3,28.2,,45271.0,1305.0
2001-01-01,125.4,21.0,425.8,4.4,30.3,26.5,24.9,27.5,,50420.0,1384.0
2001-02-01,28.2,11.0,86.6,4.8,30.9,27.0,24.8,27.1,,44519.0,1206.0
2001-03-01,41.1,20.0,297.3,5.4,31.8,27.5,25.4,28.0,,47554.0,1330.0
2001-04-01,68.9,18.0,203.3,5.3,31.8,27.7,25.9,28.2,,47466.0,1220.0
2001-05-01,56.1,12.0,164.9,6.0,32.2,28.5,26.5,28.4,,48650.0,1361.0
2001-06-01,49.6,11.0,137.1,4.9,31.4,28.2,25.8,28.1,,44715.0,1245.0
2001-07-01,44.8,9.0,111.3,8.1,32.2,28.4,25.8,27.8,,46843.0,1322.0
2001-08-01,36.6,14.0,158.3,4.9,31.1,28.0,25.8,28.6,,47342.0,1257.0
2001-09-01,74.3,13.0,162.0,6.2,31.6,28.0,25.6,27.5,,45621.0,1257.0
2001-10-01,77.2,20.0,252.2,4.4,31.4,27.6,25.4,27.5,,48251.0,1218.0
2001-11-01,102.6,15.0,175.3,3.7,30.8,27.2,25.2,27.5,,47447.0,1241.0
2001-12-01,211.1,20.0,609.0,4.5,30.7,26.7,24.9,27.4,,46547.0,1326.0
2002-01-01,83.8,11.0,221.2,6.9,30.9,27.0,24.8,26.7,,49254.0,1382.0
2002-02-01,41.7,2.0,50.8,7.4,31.3,27.3,24.7,27.1,,46036.0,1254.0
2002-03-01,26.4,8.0,55.6,7.6,33.0,28.2,25.5,28.2,,51276.0,1427.0
2002-04-01,39.4,13.0,116.5,6.6,33.0,28.6,26.1,28.2,,51593.0,1277.0
2002-05-01,75.9,13.0,236.6,6.2,32.6,28.9,26.4,28.9,,55291.0,1494.0
2002-06-01,45.8,12.0,83.1,6.3,32.1,28.7,26.2,28.0,,47984.0,1326.0
2002-07-01,69.5,11.0,233.7,6.8,31.9,28.4,26.1,28.1,,50799.0,1276.0
2002-08-01,17.8,14.0,54.2,6.7,31.9,28.5,25.6,28.0,,50386.0,1313.0
2002-09-01,38.9,9.0,124.2,5.5,31.7,28.1,25.5,27.5,,47799.0,1229.0
2002-10-01,3.2,7.0,10.8,6.2,33.0,28.7,25.8,27.6,,49004.0,1301.0
2002-11-01,84.0,15.0,307.2,4.6,31.7,27.4,25.5,27.8,,46768.0,1180.0
2002-12-01,38.6,24.0,255.0,4.8,31.3,27.2,25.7,28.0,,50796.0,1361.0
2003-01-01,194.4,20.0,444.2,4.7,30.1,26.7,24.9,27.3,,56276.0,1498.0
2003-02-01,82.2,13.0,172.9,5.8,30.8,27.1,25.1,27.1,,50675.0,1246.0
2003-03-01,38.3,11.0,154.6,6.9,32.3,28.1,25.8,28.0,,53284.0,1340.0
2003-04-01,42.9,20.0,159.9,5.1,32.1,27.9,26.1,28.4,,36241.0,1343.0
2003-05-01,33.0,11.0,81.8,5.8,32.7,29.2,26.6,28.9,,40638.0,1544.0
2003-06-01,23.2,12.0,50.3,7.0,32.7,28.9,25.9,28.0,,39893.0,1388.0
2003-07-01,30.9,14.0,170.4,5.6,31.5,28.1,25.6,28.1,,42212.0,1302.0
2003-08-01,64.4,13.0,193.6,6.1,31.8,28.2,25.9,28.3,,43351.0,1222.0
2003-09-01,60.0,15.0,205.3,5.0,31.2,27.6,25.6,27.8,,45559.0,1208.0
2003-10-01,56.6,21.0,351.4,5.1,31.1,27.6,25.5,27.9,,49134.0,1313.0
2003-11-01,41.3,19.0,133.8,4.2,31.0,27.1,25.4,28.1,,47141.0,1263.0
2003-12-01,92.1,17.0,273.0,3.9,29.9,26.5,24.9,27.1,,47829.0,1369.0
2004-01-01,177.8,13.0,600.9,6.7,30.6,26.9,25.1,27.3,,48268.0,1357.0
2004-02-01,19.2,4.0,31.9,7.7,32.0,27.6,25.0,27.5,,47814.0,1250.0
2004-03-01,122.8,16.0,269.4,4.8,32.2,27.7,25.7,28.0,,49482.0,1283.0
2004-04-01,18.1,9.0,57.1,7.0,33.3,28.9,26.4,28.5,,48694.0,1428.0
2004-05-01,73.4,13.0,137.6,6.0,32.8,28.9,26.4,28.6,,52477.0,1464.0
2004-06-01,68.1,8.0,127.2,6.3,32.4,29.0,26.2,28.3,,51036.0,1362.0
2004-07-01,34.3,20.0,166.6,4.2,30.8,27.3,25.4,27.3,,53535.0,1321.0
2004-08-01,111.5,8.0,185.2,7.3,31.7,28.3,25.5,27.9,,54698.0,1250.0
2004-09-01,29.1,14.0,128.9,5.9,31.7,27.8,25.6,27.5,,51037.0,1194.0
2004-10-01,25.3,13.0,125.6,5.0,31.6,27.8,25.6,27.8,,54424.0,1345.0
2004-11-01,62.4,15.0,166.2,5.8,31.4,27.3,25.4,27.7,,52621.0,1256.0
2004-12-01,36.4,14.0,139.8,4.9,30.1,26.8,24.9,27.2,,54404.0,1350.0
2005-01-01,96.7,8.0,163.2,6.5,30.2,26.6,24.4,26.5,,55854.0,1416.0
2005-02-01,7.2,3.0,8.4,9.1,33.4,28.5,25.3,28.0,,50234.0,1249.0
2005-03-01,20.5,12.0,82.4,7.2,33.3,28.5,25.7,27.9,,52216.0,1395.0
2005-04-01,49.6,10.0,81.7,7.0,33.0,28.7,26.0,28.0,,52127.0,1363.0
2005-05-01,58.7,20.0,331.1,5.5,32.4,28.5,26.4,28.5,,55795.0,1420.0
2005-06-01,27.6,15.0,82.3,5.4,32.0,28.8,26.4,28.4,,55388.0,1383.0
2005-07-01,26.3,15.0,104.0,5.4,31.4,28.0,25.8,28.0,,59062.0,1435.0
2005-08-01,13.8,13.0,58.5,6.5,31.5,28.2,25.9,27.8,,59155.0,1346.0
2005-09-01,43.4,18.0,175.7,6.2,32.0,28.2,26.0,28.4,,56235.0,1251.0
2005-10-01,76.2,19.0,314.5,5.1,31.3,27.6,25.6,28.3,,56724.0,1354.0
2005-11-01,133.8,23.0,362.9,4.4,30.8,27.3,25.4,27.6,,52388.0,1249.0
2005-12-01,47.3,19.0,166.0,4.5,31.0,27.3,25.3,27.6,,53133.0,1354.0
2006-01-01,131.7,20.0,454.4,4.8,30.0,26.5,24.9,27.4,31709.0,56313.0,1390.0
2006-02-01,44.5,8.0,115.5,7.4,31.5,27.5,25.4,27.6,30352.0,51647.0,1223.0
2006-03-01,35.7,9.0,83.1,7.1,33.1,28.3,25.7,28.1,35127.0,55432.0,1262.0
2006-04-01,43.3,18.0,239.8,5.3,32.1,27.6,25.9,28.3,32435.0,53997.0,1268.0
2006-05-01,36.6,14.0,205.7,5.0,32.0,28.1,26.1,29.0,33524.0,59631.0,1465.0
2006-06-01,37.3,16.0,236.8,5.5,31.0,27.8,26.0,27.9,34129.0,59708.0,1477.0
2006-07-01,54.8,15.0,153.8,6.9,31.5,28.4,26.2,28.5,35091.0,58833.0,1534.0
2006-08-01,30.4,14.0,127.3,6.7,31.5,28.3,25.9,28.2,34392.0,56559.0,1362.0
2006-09-01,32.2,12.0,83.3,5.3,31.4,28.0,25.4,27.5,33593.0,54438.0,1321.0
2006-10-01,37.8,8.0,102.0,4.8,32.2,28.3,25.7,27.9,33316.0,56834.0,1362.0
2006-11-01,64.0,18.0,185.6,5.6,31.4,27.3,25.6,28.2,33221.0,55428.0,1314.0
2006-12-01,198.0,22.0,765.9,3.2,30.0,26.6,25.1,27.9,33747.0,57943.0,1415.0
2007-01-01,143.8,20.0,450.1,4.1,29.8,26.5,24.7,27.8,33911.0,63297.0,1442.0
2007-02-01,51.4,3.0,105.5,7.6,31.5,27.3,24.9,27.1,29498.0,56766.0,1331.0
2007-03-01,68.8,21.0,269.1,5.8,31.5,27.5,25.4,28.0,36062.0,62343.0,1493.0
2007-04-01,102.4,14.0,240.2,5.9,32.0,28.1,26.0,28.5,33891.0,62644.0,1404.0
2007-05-01,21.9,16.0,127.2,5.5,31.6,28.3,26.2,28.5,36261.0,71180.0,1605.0
2007-06-01,38.0,12.0,139.0,6.0,32.1,28.4,26.1,28.3,34484.0,62605.0,1442.0
2007-07-01,23.0,19.0,141.7,3.8,30.6,27.7,25.7,28.0,35410.0,65641.0,1381.0
2007-08-01,55.9,20.0,190.7,5.7,30.9,27.7,25.4,27.3,35593.0,62672.0,1437.0
2007-09-01,52.1,13.0,149.0,5.8,31.0,27.8,25.6,27.5,34335.0,61778.0,1463.0
2007-10-01,51.8,16.0,237.2,5.6,31.6,27.8,25.5,28.0,35181.0,60965.0,1440.0
2007-11-01,60.1,21.0,367.9,3.5,30.8,26.9,25.1,27.9,34896.0,60076.0,1333.0
2007-12-01,159.0,20.0,468.6,4.5,30.1,26.4,24.7,27.2,33683.0,62155.0,1369.0
2008-01-01,123.1,19.0,262.6,6.1,30.7,26.8,24.9,27.3,35087.0,67321.0,1443.0
2008-02-01,48.5,8.0,129.2,5.5,30.9,26.7,24.4,27.6,31515.0,63527.0,1440.0
2008-03-01,48.1,16.0,294.1,4.3,30.1,26.5,24.8,27.3,34939.0,67203.0,1520.0
2008-04-01,34.2,13.0,87.2,6.0,31.9,28.1,25.6,27.5,35382.0,68584.0,1454.0
2008-05-01,42.3,11.0,124.9,6.6,32.2,28.8,25.8,28.0,34987.0,68712.0,1618.0
2008-06-01,45.2,12.0,118.3,5.6,31.4,28.2,25.7,27.6,33018.0,62821.0,1365.0
2008-07-01,23.5,15.0,89.1,4.9,30.8,27.8,25.3,27.2,35414.0,65874.0,1438.0
2008-08-01,133.9,18.0,327.3,5.5,30.9,27.4,25.3,27.2,33929.0,64073.0,1404.0
2008-09-01,43.5,18.0,164.4,5.1,31.1,27.7,25.3,27.5,34324.0,61682.0,1353.0
2008-10-01,41.6,19.0,159.5,4.5,31.4,27.6,25.5,27.4,34986.0,67233.0,1357.0
2008-11-01,63.3,16.0,324.3,4.0,31.2,27.3,25.4,28.0,34418.0,65264.0,1396.0
2008-12-01,52.0,17.0,244.2,4.8,30.5,26.9,24.7,27.2,34201.0,66245.0,1434.0
2009-01-01,36.0,5.0,38.3,6.6,30.7,26.8,24.0,26.6,32421.0,66243.0,1490.0
2009-02-01,74.2,8.0,201.8,6.4,32.3,27.3,24.6,27.1,32103.0,60320.0,1318.0
2009-03-01,56.3,19.0,223.3,5.5,31.4,27.2,25.2,27.9,35566.0,68341.0,1494.0
2009-04-01,86.6,12.0,183.7,6.2,32.3,28.5,26.0,28.0,35370.0,70535.0,1484.0
2009-05-01,41.3,17.0,198.6,6.6,32.2,28.7,26.4,28.6,33655.0,70173.0,1573.0
2009-06-01,5.8,8.0,21.8,7.0,32.6,29.1,26.3,28.4,34562.0,68553.0,1394.0
2009-07-01,24.4,16.0,161.0,6.2,31.7,28.3,25.6,27.5,35752.0,78644.0,1358.0
2009-08-01,35.5,12.0,177.8,6.5,31.7,28.3,25.6,28.1,35189.0,75923.0,1417.0
2009-09-01,63.0,13.0,109.6,5.6,31.7,28.3,25.9,28.0,34056.0,65171.0,1366.0
2009-10-01,38.4,15.0,133.4,5.4,32.1,28.2,25.9,27.6,36270.0,66656.0,1440.0
2009-11-01,61.4,23.0,281.8,4.7,31.5,27.2,25.3,28.1,33869.0,64651.0,1345.0
2009-12-01,42.6,18.0,189.8,4.7,30.7,27.1,25.3,27.7,34779.0,66094.0,1422.0
2010-01-01,24.5,10.0,69.5,7.1,31.2,27.5,25.0,27.3,34835.0,69746.0,1464.0
2010-02-01,2.9,4.0,6.3,8.8,33.5,28.9,25.6,27.8,30322.0,62869.0,1337.0
2010-03-01,57.6,11.0,238.0,6.1,33.1,28.6,25.7,28.4,36248.0,69716.0,1472.0
2010-04-01,40.0,18.0,158.5,6.2,32.8,28.6,26.3,28.4,35328.0,70991.0,1487.0
2010-05-01,90.5,17.0,157.5,6.5,33.2,29.2,26.7,28.8,36264.0,76782.0,1634.0
2010-06-01,43.0,19.0,240.5,5.1,31.4,28.3,26.1,28.1,35649.0,69603.0,1485.0
2010-07-01,121.1,18.0,298.5,4.6,30.9,27.7,25.6,27.8,37584.0,75461.0,1490.0
2010-08-01,60.2,16.0,158.4,5.4,31.2,27.9,25.7,28.1,36335.0,77643.0,1516.0
2010-09-01,28.0,13.0,121.5,5.7,31.8,28.0,25.6,27.5,36157.0,71140.0,1376.0
2010-10-01,58.1,17.0,166.2,4.2,31.7,28.3,25.8,27.7,37287.0,74968.0,1508.0
2010-11-01,41.6,21.0,278.8,5.0,31.6,27.4,25.4,27.6,34918.0,68758.0,1385.0
2010-12-01,85.8,14.0,181.4,3.6,30.8,26.8,24.8,27.4,36378.0,71104.0,1456.0
2011-01-01,216.2,17.0,513.2,4.5,29.7,26.3,24.4,27.0,37643.0,78287.0,1565.0
2011-02-01,17.4,8.0,23.0,7.5,31.7,27.3,24.7,26.8,32333.0,72386.0,1473.0
2011-03-01,54.0,22.0,256.6,4.6,31.3,27.1,25.1,27.5,38802.0,78038.0,1533.0
2011-04-01,61.8,12.0,217.8,7.2,31.9,27.9,25.7,27.8,37342.0,75870.0,1451.0
2011-05-01,34.2,15.0,127.0,5.9,32.4,28.5,26.5,28.8,36984.0,80567.0,1666.0
2011-06-01,82.0,15.0,213.0,5.0,31.3,28.4,26.1,28.4,37926.0,75704.0,1501.0
2011-07-01,30.0,7.0,76.6,7.8,31.9,28.7,26.1,28.0,38423.0,79868.0,1567.0
2011-08-01,30.2,13.0,81.4,6.1,31.0,27.9,25.6,27.4,36210.0,76087.0,1457.0
2011-09-01,40.4,14.0,136.4,5.1,30.9,27.8,25.5,27.3,37609.0,76610.0,1392.0
2011-10-01,54.0,20.0,216.8,5.3,31.0,27.3,25.5,27.6,37808.0,82236.0,1478.0
2011-11-01,78.6,24.0,377.8,4.6,31.1,27.1,25.5,27.5,37663.0,79388.0,1490.0
2011-12-01,87.4,21.0,284.6,3.3,29.9,26.6,25.1,27.3,37641.0,79444.0,1454.0
2012-01-01,26.2,16.0,106.1,6.0,30.6,26.7,25.0,27.3,35682.0,85885.0,1532.0
2012-02-01,38.4,11.0,83.6,7.0,31.1,27.2,25.3,27.0,37005.0,80008.0,1465.0
2012-03-01,92.3,21.0,313.4,4.2,31.1,27.0,25.3,27.9,39576.0,83149.0,1514.0
2012-04-01,48.4,20.0,260.6,5.8,31.4,27.6,25.6,27.7,37451.0,82972.0,1496.0
2012-05-01,79.2,19.0,292.0,5.6,31.7,28.2,25.8,28.0,39318.0,85167.0,1682.0
2012-06-01,38.2,8.0,53.0,6.0,31.6,28.7,25.8,27.7,37895.0,77964.0,1561.0
2012-07-01,35.4,17.0,130.8,6.2,30.8,27.7,25.2,26.5,39418.0,83852.0,1591.0
2012-08-01,31.0,12.0,119.0,6.1,31.0,27.9,25.2,26.8,38503.0,79335.0,1574.0
2012-09-01,35.8,10.0,107.6,5.6,31.3,27.9,25.2,26.9,37533.0,80201.0,1500.0
2012-10-01,22.6,13.0,122.2,5.9,31.7,27.7,25.2,27.4,39926.0,83611.0,1532.0
2012-11-01,49.2,22.0,208.2,4.4,31.4,27.1,25.1,27.5,39014.0,79286.0,1465.0
2012-12-01,78.8,22.0,363.4,3.6,30.6,26.7,25.0,27.0,38581.0,83859.0,1569.0
2013-01-01,73.0,15.0,262.0,6.0,30.8,27.1,24.6,26.7,40320.0,88630.0,1649.0
2013-02-01,95.2,22.0,395.2,4.0,30.1,26.5,24.8,27.1,34921.0,79359.0,1475.0
2013-03-01,29.6,10.0,85.8,7.5,32.4,28.3,25.5,28.0,40534.0,86940.0,1680.0
2013-04-01,41.6,19.0,159.4,5.2,32.1,28.2,25.8,27.8,39427.0,84560.0,1634.0
2013-05-01,46.2,17.0,211.4,5.4,31.8,28.2,25.8,28.0,40141.0,87961.0,1608.0
2013-06-01,22.4,12.0,111.4,6.4,32.6,29.0,25.3,28.1,39523.0,85095.0,1711.0
2013-07-01,37.4,15.0,174.6,5.7,31.1,27.8,25.0,27.3,39986.0,82318.0,1538.0
2013-08-01,43.2,15.0,165.6,6.1,31.0,27.9,25.0,26.9,39278.0,82464.0,1506.0
2013-09-01,52.6,19.0,257.0,4.6,30.6,27.5,25.0,26.9,39162.0,81096.0,1470.0
2013-10-01,139.8,19.0,285.4,6.3,31.4,27.7,25.0,26.9,41143.0,84025.0,1572.0
2013-11-01,44.0,22.0,292.4,4.5,31.3,27.1,25.1,27.0,40256.0,80234.0,1447.0
2013-12-01,119.8,21.0,348.2,3.5,30.2,26.5,24.6,27.0,39502.0,84118.0,1648.0
2014-01-01,31.2,5.0,75.4,5.3,29.6,26.2,23.4,26.2,40476.0,84647.0,1652.0
2014-02-01,0.2,1.0,0.2,8.8,31.9,27.2,23.7,25.9,36123.0,75725.0,1615.0
2014-03-01,52.6,6.0,66.0,8.0,32.8,27.9,24.5,27.0,40692.0,80301.0,1619.0
2014-04-01,28.8,17.0,110.0,5.7,32.4,28.2,25.5,27.0,40563.0,79418.0,1566.0
2014-05-01,22.2,18.0,125.8,5.8,32.1,28.6,25.8,27.7,41823.0,86058.0,1690.0
2014-06-01,18.8,11.0,71.4,6.0,32.1,29.0,25.9,27.8,40981.0,85017.0,1719.0
2014-07-01,29.0,15.0,148.6,5.5,31.6,28.7,25.7,27.1,42576.0,86028.0,1686.0
2014-08-01,44.2,20.0,241.0,4.5,30.4,27.7,24.9,26.6,41857.0,83610.0,1663.0
2014-09-01,34.6,9.0,83.6,7.0,31.8,28.5,25.1,26.9,41106.0,79164.0,1599.0
2014-10-01,32.8,10.0,120.0,6.0,32.1,28.4,25.2,26.9,42469.0,77547.0,1528.0
2014-11-01,64.4,23.0,250.8,5.4,31.6,27.5,25.1,27.0,40516.0,73271.0,1503.0
2014-12-01,48.2,17.0,245.6,3.7,30.6,27.0,24.7,26.7,40392.0,77585.0,1553.0
2015-01-01,33.6,6.0,79.6,7.4,30.7,26.9,23.8,26.1,42122.0,83405.0,1701.0
2015-02-01,10.8,6.0,18.8,7.3,31.3,27.0,23.6,25.8,35602.0,73842.0,1481.0
2015-03-01,46.0,5.0,84.4,7.3,32.5,28.2,24.8,26.7,42148.0,81518.0,1680.0
2015-04-01,18.8,13.0,73.2,7.2,33.2,28.6,25.4,27.4,41710.0,80262.0,1589.0
2015-05-01,22.2,12.0,89.0,5.8,32.2,28.7,25.8,27.3,42449.0,86075.0,1725.0
2015-06-01,28.4,10.0,95.8,6.7,32.0,29.0,25.6,27.0,41026.0,83377.0,1827.0
2015-07-01,45.8,13.0,116.8,7.1,31.9,29.1,25.5,27.2,42283.0,80360.0,1781.0
2015-08-01,63.2,11.0,185.8,6.1,31.2,28.4,25.2,27.0,40838.0,82665.0,1689.0
2015-09-01,18.4,8.0,61.6,4.3,31.7,28.7,25.2,26.9,41218.0,75508.0,1554.0
2015-10-01,28.6,9.0,87.2,4.7,32.2,28.7,25.2,27.2,44327.0,78941.0,1625.0
2015-11-01,25.8,13.0,72.6,4.8,32.1,28.0,25.1,26.7,41813.0,77552.0,1589.0
2015-12-01,40.4,19.0,302.3,5.3,31.5,27.7,25.1,27.5,44353.0,81921.0,1621.0
2016-01-01,39.6,15.0,126.6,7.2,31.8,28.3,25.5,27.2,44542.0,89522.0,1635.0
2016-02-01,71.8,10.0,186.0,6.5,31.1,27.8,24.9,27.0,41212.0,85822.0,1592.0
2016-03-01,2.4,6.0,6.2,8.0,33.1,29.0,25.4,27.1,46629.0,87290.0,1780.0
2016-04-01,18.2,14.0,89.8,7.0,33.4,29.4,25.9,27.5,45683.0,80777.0,1684.0
2016-05-01,54.8,12.0,193.8,6.2,33.0,29.3,26.1,27.7,45339.0,85931.0,1728.0
2016-06-01,67.8,13.0,162.8,5.4,31.6,28.5,25.4,27.4,45843.0,80906.0,1585.0
2016-07-01,59.4,20.0,168.6,6.3,31.7,28.4,25.3,27.3,47158.0,87482.0,1859.0
2016-08-01,30.6,15.0,139.2,6.7,31.8,28.9,25.2,26.9,46901.0,87475.0,1747.0
2016-09-01,34.0,15.0,118.9,5.5,32.0,28.3,24.6,26.5,45382.0,81809.0,1583.0
2016-10-01,75.4,16.0,181.0,4.6,32.1,28.3,24.4,27.0,45908.0,82339.0,1716.0
2016-11-01,65.6,20.0,290.2,3.5,30.7,27.4,24.4,26.8,45559.0,79320.0,1510.0
2016-12-01,73.0,23.0,292.6,5.1,31.6,27.4,23.6,26.6,46100.0,80045.0,1598.0
2017-01-01,60.6,21.0,197.6,4.8,30.7,26.9,24.9,27.3,44617.0,85325.0,1768.0
2017-02-01,31.0,15.0,158.4,7.1,30.7,26.9,24.7,26.7,43435.0,79354.0,1577.0
2017-03-01,30.2,11.0,136.2,6.1,31.1,27.4,25.0,27.3,49254.0,87191.0,1779.0
2017-04-01,42.8,21.0,208.6,5.3,31.8,27.8,25.5,27.9,46610.0,84124.0,1661.0
2017-05-01,44.8,15.0,190.0,5.9,31.4,28.5,26.1,27.8,48488.0,90987.0,1902.0
2017-06-01,29.6,10.0,106.0,6.3,31.6,28.5,25.8,27.6,47316.0,81552.0,1925.0
2017-07-01,30.2,9.0,79.6,7.0,31.0,28.3,25.5,27.1,48738.0,84964.0,1842.0
2017-08-01,29.4,18.0,84.2,6.1,31.0,28.1,25.4,27.1,48684.0,81977.0,1751.0
2017-09-01,20.2,19.0,124.4,5.7,31.2,28.0,25.4,27.3,46132.0,77268.0,1590.0
2017-10-01,31.2,18.0,120.8,5.5,31.6,27.9,25.5,27.4,48534.0,82793.0,1759.0
2017-11-01,45.2,24.0,268.6,4.2,30.8,27.1,25.2,27.6,48226.0,78327.0,1666.0
2017-12-01,69.8,23.0,371.2,5.6,30.8,27.0,25.0,27.5,48083.0,79596.0,1685.0
2018-01-01,45.8,25.0,287.0,4.1,29.8,26.1,24.3,26.8,49716.0,88237.0,1931.0
2018-02-01,13.0,5.0,14.8,8.0,31.2,27.2,24.1,26.6,43186.0,77749.0,1662.0
2018-03-01,15.2,10.0,44.6,6.4,32.4,28.0,25.0,26.9,50497.0,83943.0,1778.0
2018-04-01,14.0,14.0,61.2,6.8,33.2,28.5,25.5,27.4,47381.0,81997.0,1668.0
2018-05-01,47.4,19.0,132.2,5.8,32.4,28.7,25.7,27.2,49208.0,84834.0,1829.0
2018-06-01,46.8,17.0,182.6,4.1,31.3,28.4,25.6,27.6,46990.0,78521.0,1748.0
2018-07-01,32.4,10.0,143.2,6.1,31.3,28.5,25.4,26.9,49617.0,86044.0,1791.0
2018-08-01,34.6,11.0,121.6,6.7,31.7,28.5,25.3,27.2,49048.0,82519.0,1806.0
2018-09-01,45.0,13.0,144.4,6.0,31.2,28.0,24.8,27.1,47676.0,79829.0,1655.0
2018-10-01,60.6,18.0,234.4,6.1,31.9,27.9,25.1,27.1,50740.0,85043.0,1773.0
2018-11-01,20.6,27.0,169.6,3.8,31.0,27.3,25.0,27.0,50312.0,85384.0,1703.0
2018-12-01,43.8,19.0,172.6,5.1,31.6,27.6,25.1,26.8,50448.0,91303.0,1938.0
2019-01-01,38.2,9.0,63.6,7.1,31.7,28.0,24.6,26.8,51403.0,90869.0,1847.0
2019-02-01,13.4,5.0,31.6,9.2,32.8,28.2,24.6,26.3,44482.0,82072.0,1631.0
2019-03-01,29.0,6.0,72.2,8.3,33.5,28.7,24.7,27.1,52662.0,89670.0,1837.0
2019-04-01,52.4,9.0,174.8,5.9,32.7,28.6,25.5,27.8,50579.0,88534.0,1765.0
2019-05-01,17.2,13.0,69.0,7.0,32.7,29.3,26.3,28.8,52784.0,92618.0,1767.0
2019-06-01,37.6,16.0,173.8,5.3,31.3,28.4,25.6,27.4,50277.0,89350.0,1735.0
2019-07-01,6.6,8.0,12.2,7.5,32.1,29.0,25.5,27.5,54993.0,98385.0,1804.0
2019-08-01,3.8,6.0,11.8,7.6,32.7,29.1,25.1,27.1,52109.0,90698.0,1824.0
2019-09-01,16.4,4.0,22.8,6.7,33.0,29.0,25.2,26.7,50206.0,85040.0,1703.0
2019-10-01,92.2,15.0,176.8,6.5,32.7,28.1,25.1,26.8,52660.0,88928.0,1833.0
2019-11-01,73.4,15.0,137.4,5.5,32.3,28.0,25.1,27.3,52809.0,88720.0,1767.0
2019-12-01,74.2,14.0,421.5,4.8,30.1,26.7,24.6,27.6,53172.0,96098.0,1933.0
2020-01-01,38.0,6.0,88.4,7.1,31.7,27.7,24.7,26.5,52461.0,98611.0,2091.0
2020-02-01,23.8,8.0,65.0,8.3,31.7,27.9,24.5,26.7,43059.0,79237.0,1762.0
2020-03-01,47.4,8.0,108.8,7.6,32.9,28.6,25.1,27.3,44381.0,88247.0,1891.0
2020-04-01,51.8,12.0,188.0,7.1,33.0,28.9,25.5,27.3,41587.0,69889.0,1913.0
2020-05-01,53.8,16.0,255.6,5.7,32.2,28.9,26.0,27.7,43315.0,63029.0,1874.0
2020-06-01,41.0,21.0,233.8,4.3,31.0,28.1,25.4,27.1,43796.0,67607.0,1761.0
2020-07-01,30.4,22.0,140.8,5.7,31.0,27.9,25.0,26.9,48292.0,72664.0,1759.0
2020-08-01,34.6,12.0,103.4,6.4,31.4,28.3,25.1,27.3,46798.0,74155.0,1860.0
2020-09-01,32.8,18.0,150.2,4.8,31.0,27.5,24.7,26.6,46670.0,71255.0,1751.0
2020-10-01,19.0,16.0,78.8,4.3,31.6,28.3,24.9,26.9,49772.0,73306.0,1770.0
2020-11-01,64.2,19.0,220.6,4.0,31.0,27.2,24.8,26.9,46303.0,71001.0,1771.0
2020-12-01,58.2,20.0,253.2,5.2,31.5,27.2,24.7,27.9,50077.0,74360.0,1851.0
2021-01-01,210.6,17.0,692.8,4.2,29.1,26.0,23.7,26.0,46888.0,76872.0,1871.0
2021-02-01,0.6,2.0,1.0,8.2,31.6,27.3,23.7,26.3,43339.0,72275.0,1769.0
2021-03-01,38.0,14.0,182.4,7.3,32.8,27.9,24.7,26.7,51463.0,82783.0,1924.0
2021-04-01,83.8,14.0,290.4,6.8,32.4,28.2,25.1,27.6,49411.0,82267.0,1938.0
2021-05-01,49.8,13.0,245.8,6.0,32.1,28.7,25.9,27.8,43564.0,69157.0,1975.0
2021-06-01,23.8,20.0,93.4,6.5,32.1,28.5,25.5,29.3,44521.0,66857.0,1937.0
2021-07-01,75.0,12.0,195.8,6.8,31.8,28.6,25.4,27.3,49684.0,79021.0,1998.0
2021-08-01,71.4,24.0,293.6,4.8,31.0,27.6,25.0,27.2,47057.0,75757.0,1967.0
2021-09-01,63.4,14.0,205.4,6.4,31.7,28.3,25.2,28.8,49296.0,72225.0,1965.0
2021-10-01,59.6,14.0,177.0,6.2,32.2,28.5,25.5,27.7,47280.0,71558.0,2492.0
2021-11-01,47.8,23.0,312.4,4.9,31.8,27.6,25.1,27.6,46991.0,71275.0,2349.0
2021-12-01,46.8,15.0,119.6,5.4,31.4,27.7,25.0,27.0,47296.0,70106.0,2107.0
